id,first_name,last_name,email,gender,ip_address
1,Aubrey,Garman,agarman0@webnode.com,Female,196.244.169.44
2,Riley,Tissier,rtissier1@sciencedaily.com,Male,233.157.113.198
3,Robby,Mickan,rmickan2@abc.net.au,Female,107.71.247.28
4,Mervin,Drinkall,mdrinkall3@washingtonpost.com,Male,5.163.13.213
5,Stefanie,Hattigan,shattigan4@alibaba.com,Female,252.228.55.70
6,Walther,Cosely,wcosely5@howstuffworks.com,Male,250.215.13.34
7,Gregg,Pimm,gpimm6@squarespace.com,Male,131.117.181.107
8,Jose,Glandon,jglandon7@blogger.com,Male,182.207.162.173
9,Rheta,Kearley,rkearley8@webnode.com,Female,230.165.27.96
10,Engracia,Aslum,easlum9@un.org,Female,120.219.173.225
11,Nicolai,Rosenhaus,nrosenhausa@friendfeed.com,Male,150.242.142.235
12,Euphemia,Kiln,ekilnb@so-net.ne.jp,Female,179.4.28.28
13,Emmet,Buist,ebuistc@360.cn,Male,79.13.245.232
14,Cointon,Southern,csouthernd@europa.eu,Male,12.160.235.87
15,Chet,Coe,ccoee@printfriendly.com,Genderfluid,147.174.222.193
16,Lyda,Nolot,lnolotf@cloudflare.com,Female,48.238.125.139
17,Junia,Toomey,jtoomeyg@google.de,Female,218.11.113.130
18,Gregorius,Lisle,glisleh@over-blog.com,Male,239.44.165.251
19,Norrie,Tomini,ntominii@webnode.com,Female,83.151.214.230
20,Francesca,Spirritt,fspirrittj@cisco.com,Agender,34.144.83.205